# Temperature-pressure profiles of seven solar-system atmospheres,
# digitized from the vector curves of Robinson & Catling (2014),
# Nature Geoscience 7, 12-15, their Fig. 1 (arXiv 1312.6859).
# Axes calibrated from the printed major ticks; residuals 0.011 K
# and 6e-5 dex. Rows run from the top of each profile downward.
body,T_K,P_bar
Venus,175.3,1.0000e-03
Venus,176.0,1.0703e-03
Venus,184.0,1.7606e-03
Venus,194.0,2.8396e-03
Venus,203.0,4.4708e-03
Venus,211.0,6.9083e-03
Venus,217.0,1.0542e-02
Venus,223.0,1.5901e-02
Venus,228.0,2.3792e-02
Venus,233.0,3.5188e-02
Venus,237.0,5.1811e-02
Venus,236.0,7.6016e-02
Venus,244.0,1.0994e-01
Venus,252.0,1.5901e-01
Venus,263.0,2.2692e-01
Venus,274.0,3.1810e-01
Venus,291.0,4.3997e-01
Venus,312.0,5.9509e-01
Venus,332.0,7.9065e-01
Venus,349.0,1.0337e+00
Venus,350.0,1.0495e+00
Earth,275.3,1.0000e-03
Earth,276.2,1.0684e-03
Earth,272.5,1.4990e-03
Earth,266.4,2.1032e-03
Earth,259.8,2.9482e-03
Earth,253.4,4.1365e-03
Earth,247.2,5.8036e-03
Earth,241.7,8.1354e-03
Earth,236.5,1.1415e-02
Earth,231.3,1.6015e-02
Earth,226.4,2.2470e-02
Earth,223.1,3.1498e-02
Earth,220.5,4.4194e-02
Earth,217.9,6.2005e-02
Earth,215.8,8.5762e-02
Earth,215.8,1.0955e-01
Earth,215.8,1.3335e-01
Earth,215.8,1.5718e-01
Earth,217.1,1.8085e-01
Earth,221.4,2.0458e-01
Earth,226.1,2.2834e-01
Earth,230.4,2.5216e-01
Earth,234.4,2.7597e-01
Earth,238.2,2.9961e-01
Earth,241.7,3.2355e-01
Earth,245.0,3.4721e-01
Earth,248.1,3.7095e-01
Earth,251.0,3.9489e-01
Earth,253.8,4.1849e-01
Earth,256.5,4.4234e-01
Earth,258.9,4.6628e-01
Earth,261.3,4.8976e-01
Earth,263.5,5.1352e-01
Earth,265.6,5.3745e-01
Earth,267.7,5.6101e-01
Earth,269.7,5.8507e-01
Earth,271.6,6.0854e-01
Earth,273.4,6.3236e-01
Earth,275.2,6.5655e-01
Earth,276.9,6.7982e-01
Earth,278.6,7.0394e-01
Earth,280.2,7.2761e-01
Earth,281.8,7.5138e-01
Earth,283.3,7.7525e-01
Earth,284.8,7.9917e-01
Earth,286.2,8.2235e-01
Earth,287.5,8.4620e-01
Earth,288.6,8.6997e-01
Earth,289.6,8.9362e-01
Earth,290.6,9.1789e-01
Earth,291.5,9.4115e-01
Earth,293.2,9.8943e-01
Earth,294.0,1.0127e+00
Titan,172.2,1.0000e-03
Titan,172.0,1.0799e-03
Titan,169.0,1.5004e-03
Titan,167.0,2.0604e-03
Titan,163.0,2.8600e-03
Titan,159.0,3.8996e-03
Titan,153.0,5.4081e-03
Titan,147.0,7.4203e-03
Titan,139.0,1.0402e-02
Titan,128.0,1.4699e-02
Titan,116.0,2.0995e-02
Titan,103.0,2.8909e-02
Titan,90.3,3.9488e-02
Titan,80.7,5.2605e-02
Titan,74.7,7.2371e-02
Titan,71.6,8.7777e-02
Titan,71.5,9.9294e-02
Titan,71.4,1.1202e-01
Titan,71.2,1.2695e-01
Titan,71.4,1.6304e-01
Titan,71.7,1.8493e-01
Titan,71.9,2.0995e-01
Titan,72.3,2.3792e-01
Titan,72.9,2.6891e-01
Titan,73.5,3.0392e-01
Titan,74.2,3.4381e-01
Titan,75.1,3.8893e-01
Titan,76.2,4.3801e-01
Titan,77.0,4.9371e-01
Titan,78.2,5.5601e-01
Titan,79.5,6.2507e-01
Titan,80.8,7.0080e-01
Titan,82.2,7.8501e-01
Titan,83.6,8.7857e-01
Titan,85.3,9.8064e-01
Titan,87.1,1.0897e+00
Titan,88.1,1.1497e+00
Titan,88.9,1.2195e+00
Titan,89.9,1.2798e+00
Titan,91.2,1.3503e+00
Titan,91.9,1.3895e+00
Titan,92.6,1.4196e+00
Titan,93.3,1.4595e+00
Titan,94.0,1.5004e+00
Jupiter,165.3,1.0000e-03
Jupiter,165.3,1.0532e-03
Jupiter,165.0,1.4554e-03
Jupiter,164.4,2.0185e-03
Jupiter,163.0,2.8018e-03
Jupiter,160.9,3.7493e-03
Jupiter,157.9,5.0396e-03
Jupiter,154.4,6.8224e-03
Jupiter,151.0,9.2859e-03
Jupiter,147.8,1.2752e-02
Jupiter,144.6,1.7622e-02
Jupiter,141.4,2.3392e-02
Jupiter,137.5,3.1302e-02
Jupiter,132.8,4.2262e-02
Jupiter,126.9,5.7727e-02
Jupiter,120.1,7.5949e-02
Jupiter,114.3,9.5723e-02
Jupiter,111.9,1.0790e-01
Jupiter,110.0,1.2195e-01
Jupiter,108.7,1.3795e-01
Jupiter,108.8,1.5633e-01
Jupiter,109.9,1.7701e-01
Jupiter,112.1,1.9988e-01
Jupiter,115.0,2.2511e-01
Jupiter,118.3,2.5305e-01
Jupiter,121.7,2.8321e-01
Jupiter,125.1,3.1583e-01
Jupiter,128.3,3.5158e-01
Jupiter,131.3,3.9068e-01
Jupiter,134.0,4.3218e-01
Jupiter,136.6,4.7809e-01
Jupiter,139.0,5.2700e-01
Jupiter,141.7,5.8038e-01
Jupiter,144.3,6.3861e-01
Jupiter,147.6,7.0080e-01
Jupiter,152.4,7.6699e-01
Jupiter,156.9,8.3718e-01
Jupiter,161.3,9.1134e-01
Jupiter,165.4,9.9030e-01
Jupiter,170.1,1.0742e+00
Jupiter,174.3,1.1621e+00
Jupiter,178.8,1.2549e+00
Jupiter,182.9,1.3515e+00
Jupiter,187.3,1.4542e+00
Jupiter,191.7,1.5620e+00
Jupiter,196.0,1.6762e+00
Jupiter,200.2,1.7940e+00
Jupiter,206.4,1.9829e+00
Jupiter,212.9,2.1857e+00
Jupiter,219.4,2.4007e+00
Jupiter,225.5,2.6297e+00
Jupiter,231.8,2.8756e+00
Jupiter,238.2,3.1387e+00
Jupiter,244.4,3.4137e+00
Jupiter,250.7,3.7062e+00
Jupiter,259.0,4.1219e+00
Jupiter,269.2,4.6879e+00
Jupiter,274.6,4.9994e+00
Saturn,141.6,1.0000e-03
Saturn,142.1,1.1202e-03
Saturn,142.5,1.2604e-03
Saturn,141.5,1.4094e-03
Saturn,140.3,1.5802e-03
Saturn,139.0,1.7795e-03
Saturn,137.7,2.0005e-03
Saturn,137.3,2.2409e-03
Saturn,136.9,2.5102e-03
Saturn,135.9,2.8194e-03
Saturn,133.4,3.1610e-03
Saturn,131.2,3.5504e-03
Saturn,129.0,3.9805e-03
Saturn,126.2,4.4708e-03
Saturn,123.5,5.0081e-03
Saturn,120.6,5.6200e-03
Saturn,117.7,6.3122e-03
Saturn,114.8,7.0769e-03
Saturn,112.0,7.9416e-03
Saturn,108.4,8.9119e-03
Saturn,104.8,1.0000e-02
Saturn,102.2,1.1222e-02
Saturn,99.5,1.2593e-02
Saturn,97.3,1.4132e-02
Saturn,95.0,1.5844e-02
Saturn,92.7,1.7780e-02
Saturn,90.5,1.9952e-02
Saturn,88.7,2.2390e-02
Saturn,87.0,2.5124e-02
Saturn,85.6,2.8169e-02
Saturn,84.2,3.1611e-02
Saturn,83.8,3.5472e-02
Saturn,82.8,4.4670e-02
Saturn,82.3,5.0126e-02
Saturn,82.1,5.6201e-02
Saturn,82.1,6.3066e-02
Saturn,82.4,7.0771e-02
Saturn,82.6,7.9418e-02
Saturn,82.8,8.9118e-02
Saturn,83.4,1.0001e-01
Saturn,84.1,1.1223e-01
Saturn,84.9,1.2582e-01
Saturn,85.7,1.4120e-01
Saturn,86.8,1.5845e-01
Saturn,88.2,1.7780e-01
Saturn,89.8,1.9952e-01
Saturn,91.1,2.2390e-01
Saturn,92.4,2.5125e-01
Saturn,93.8,2.8170e-01
Saturn,95.6,3.1611e-01
Saturn,97.9,3.5473e-01
Saturn,100.7,3.9807e-01
Saturn,103.9,4.4671e-01
Saturn,107.5,5.0127e-01
Saturn,111.6,5.6252e-01
Saturn,115.8,6.3067e-01
Saturn,120.3,7.0773e-01
Saturn,125.0,7.9420e-01
Saturn,134.8,1.0001e+00
Saturn,139.9,1.1223e+00
Saturn,145.0,1.2583e+00
Saturn,146.2,1.2982e+00
Uranus,76.4,1.0000e-03
Uranus,73.9,1.1202e-03
Uranus,72.8,1.2604e-03
Uranus,71.6,1.4094e-03
Uranus,70.3,1.5802e-03
Uranus,69.1,1.7795e-03
Uranus,68.5,2.0005e-03
Uranus,68.2,2.2409e-03
Uranus,68.0,2.5102e-03
Uranus,68.3,2.8194e-03
Uranus,68.8,3.1610e-03
Uranus,69.4,3.5504e-03
Uranus,69.0,3.9805e-03
Uranus,68.4,4.4708e-03
Uranus,67.9,5.0081e-03
Uranus,67.0,5.6200e-03
Uranus,64.8,6.3122e-03
Uranus,63.8,7.0769e-03
Uranus,63.4,7.9416e-03
Uranus,63.3,8.9119e-03
Uranus,63.4,1.0000e-02
Uranus,64.3,1.1222e-02
Uranus,65.9,1.2593e-02
Uranus,66.2,1.4132e-02
Uranus,61.1,1.5844e-02
Uranus,58.8,1.7780e-02
Uranus,58.2,1.9952e-02
Uranus,57.2,2.2390e-02
Uranus,56.4,2.5124e-02
Uranus,55.7,2.8169e-02
Uranus,55.2,3.1611e-02
Uranus,54.9,3.5472e-02
Uranus,54.6,3.9806e-02
Uranus,54.3,4.4670e-02
Uranus,53.9,5.0126e-02
Uranus,53.5,5.6201e-02
Uranus,53.4,6.3066e-02
Uranus,53.4,7.0771e-02
Uranus,53.3,7.9418e-02
Uranus,53.2,8.9118e-02
Uranus,53.0,1.0001e-01
Uranus,53.0,1.1223e-01
Uranus,53.1,1.2582e-01
Uranus,53.4,1.4120e-01
Uranus,53.5,1.5845e-01
Uranus,54.3,1.9952e-01
Uranus,54.7,2.2390e-01
Uranus,55.2,2.5125e-01
Uranus,55.7,2.8170e-01
Uranus,56.3,3.1611e-01
Uranus,57.2,3.5473e-01
Uranus,58.3,3.9807e-01
Uranus,59.6,4.4671e-01
Uranus,61.3,5.0127e-01
Uranus,63.2,5.6252e-01
Uranus,65.3,6.3067e-01
Uranus,67.6,7.0773e-01
Uranus,70.3,7.9420e-01
Uranus,73.2,8.9120e-01
Uranus,76.4,1.0001e+00
Uranus,80.1,1.1223e+00
Uranus,82.9,1.2583e+00
Uranus,83.5,1.2982e+00
Uranus,85.9,1.4120e+00
Uranus,89.2,1.5845e+00
Uranus,92.6,1.7780e+00
Uranus,96.0,1.9953e+00
Uranus,99.8,2.2391e+00
Uranus,100.9,2.3081e+00
Neptune,123.9,1.0000e-03
Neptune,122.9,1.1202e-03
Neptune,121.5,1.2604e-03
Neptune,119.6,1.4094e-03
Neptune,117.1,1.5802e-03
Neptune,114.6,1.7795e-03
Neptune,112.3,2.0005e-03
Neptune,109.9,2.2409e-03
Neptune,106.9,2.5102e-03
Neptune,103.2,2.8194e-03
Neptune,100.4,3.1610e-03
Neptune,97.6,3.5504e-03
Neptune,94.4,3.9805e-03
Neptune,90.9,4.4708e-03
Neptune,87.4,5.0081e-03
Neptune,84.1,5.6200e-03
Neptune,80.9,6.3122e-03
Neptune,77.7,7.0769e-03
Neptune,74.9,7.9416e-03
Neptune,69.7,1.0000e-02
Neptune,67.6,1.1222e-02
Neptune,65.9,1.2593e-02
Neptune,64.3,1.4132e-02
Neptune,62.8,1.5844e-02
Neptune,61.5,1.7780e-02
Neptune,60.4,1.9952e-02
Neptune,59.2,2.2390e-02
Neptune,58.3,2.5124e-02
Neptune,57.5,2.8169e-02
Neptune,56.7,3.1611e-02
Neptune,55.3,3.9806e-02
Neptune,54.7,4.4670e-02
Neptune,54.1,5.0126e-02
Neptune,53.6,5.6201e-02
Neptune,53.2,6.3066e-02
Neptune,52.7,7.0771e-02
Neptune,52.5,7.9418e-02
Neptune,52.1,8.9118e-02
Neptune,51.8,1.0001e-01
Neptune,51.8,1.1223e-01
Neptune,51.7,1.2582e-01
Neptune,51.7,1.4120e-01
Neptune,51.8,1.5845e-01
Neptune,52.1,1.7780e-01
Neptune,52.3,1.9952e-01
Neptune,52.6,2.2390e-01
Neptune,53.1,2.5125e-01
Neptune,53.6,2.8170e-01
Neptune,54.3,3.1611e-01
Neptune,55.1,3.5473e-01
Neptune,56.0,3.9807e-01
Neptune,57.2,4.4671e-01
Neptune,58.8,5.0127e-01
Neptune,60.6,5.6252e-01
Neptune,62.4,6.3067e-01
Neptune,64.3,7.0773e-01
Neptune,66.4,7.9420e-01
Neptune,68.7,8.9120e-01
Neptune,71.5,1.0001e+00
Neptune,74.5,1.1223e+00
Neptune,77.9,1.2583e+00
Neptune,78.7,1.2982e+00
Neptune,81.4,1.4120e+00
Neptune,85.8,1.5845e+00
Neptune,90.3,1.7780e+00
Neptune,94.4,1.9953e+00
Neptune,98.4,2.2391e+00
Neptune,99.4,2.3081e+00
Neptune,102.2,2.5126e+00
Neptune,106.3,2.8171e+00
Neptune,110.4,3.1612e+00
Neptune,114.5,3.5474e+00
Neptune,118.7,3.9808e+00
Neptune,122.9,4.4671e+00
Neptune,127.1,4.9994e+00
